feature,importance
Academic_Performance_Index,0.2023
Assessment_Avg,0.1503
Previous_GPA,0.0927
Engagement_Score,0.0818
Midterm_Score,0.0663
Quiz_Avg,0.0662
Assignment_Avg,0.0648
Practical_Score,0.0449
Attendance_Percentage,0.0418
Study_Hours,0.0395
Classes_Missed,0.0323
Participation_Score,0.032
Previous_Backlogs,0.0139
Assignments_Missed,0.0123
Attendance_Status,0.0112
Semester,0.0109
Late_Submissions,0.0091
Age,0.0074
Gender_Male,0.0036
Gender_Female,0.0033
Department_Computer Science,0.0033
Department_Electronics,0.0025
Department_Mechanical,0.0024
Department_Management,0.0017
Department_Civil,0.0017
Department_Electrical,0.0013
Gender_Other,0.0003
