,count,mean,std,min,25%,50%,75%,max
Age,6000.0,20.24,1.14,18.0,19.0,20.0,21.0,22.0
Semester,6000.0,5.04,2.0,2.0,3.0,5.0,7.0,8.0
Previous_GPA,6000.0,6.88,1.19,2.5,6.1,6.89,7.69,10.0
Attendance_Percentage,6000.0,76.59,11.84,31.0,68.4,76.7,84.9,100.0
Assignment_Avg,6000.0,65.72,12.45,19.7,57.5,65.8,74.1,100.0
Quiz_Avg,6000.0,61.73,13.87,14.7,52.6,61.8,71.0,100.0
Midterm_Score,6000.0,59.75,15.0,9.9,49.68,59.7,69.6,100.0
Practical_Score,6000.0,67.78,11.98,23.9,59.6,67.6,75.9,100.0
Study_Hours,6000.0,2.99,1.21,0.2,2.2,3.0,3.8,7.3
Classes_Missed,6000.0,14.51,7.5,0.0,9.0,14.0,20.0,45.0
Assignments_Missed,6000.0,1.23,1.17,0.0,0.0,1.0,2.0,8.0
Late_Submissions,6000.0,2.0,1.37,0.0,1.0,2.0,3.0,8.0
Participation_Score,6000.0,59.67,14.44,11.3,50.0,59.5,69.4,100.0
Previous_Backlogs,6000.0,0.5,0.85,0.0,0.0,0.0,1.0,6.0
Final_Score,6000.0,65.59,16.45,10.1,54.4,65.8,76.9,100.0
Assessment_Avg,6000.0,63.74,11.5,22.0,56.22,63.7,71.45,100.0
Attendance_Status,6000.0,0.78,0.71,0.0,0.0,1.0,1.0,2.0
Engagement_Score,6000.0,65.13,12.59,24.12,56.47,65.28,73.88,100.0
Academic_Performance_Index,6000.0,68.74,10.65,32.2,61.7,68.7,75.94,99.88
